Classmark,Location
HF,Top Floor Front Left
"E,F",Top Floor Front Left
PS,Top Floor Back Right
CC,Middle Floor
N,Top Floor Back Left
QB,Top Floor Front Right
"QP,RB",Top Floor Front Right
QH,Top Floor Front Right
"QR,RB",Top Floor Front Right
"QK,S",Top Floor Front Right
DA,Middle Floor
"HD,HE,HF",Top Floor Front Left
QD,Top Floor Front Right
PL,Top Floor Back Right
"QA,TK",Top Floor Front Right
RC,Top Floor Front Right
HV,Top Floor Back Left
QH,Top Floor Front Right
"HA,HB,HC,HD,HE,HF,HJ",Top Floor Front Left
L,Top Floor Back Left
PE,Top Floor Back Right
PR,Top Floor Back Right
"GE,GF",Top Floor Front Left
PN,Top Floor Back Right
"HG,HH,HI,HJ",Top Floor Front Left
HV,Top Floor Back Left
PC,Top Floor Back Right
"G,GA,GB,GC,GD,GE,GF",Top Floor Front Left
QE,Top Floor Front Right
PF,Top Floor Back Right
D,Middle Floor
"QM,QN,QO,QP,QQ,QR",Top Floor Front Right
"HD,HE,HF",Top Floor Front Left
JX,Ground Floor
JZ,Ground Floor
PC,Top Floor Front Right
PL,Top Floor Front Right
K,Ground Floor
"HD,HE,HF",Top Floor Front Left
QA,Top Floor Front Right
P,Top Floor Back Right
QP,Top Floor Front Right
R,Top Floor Front Right
"RA,RB,RC",Top Floor Front Right
RC,Top Floor Front Right
RI,Top Floor Front Right
RM,Top Floor Front Right
RS,Top Floor Front Right
"B,BA,BB,BC,BD,BE,BF,BG,BH,BI,BJ",Middle Floor
QC,Top Floor Front Right
QP,Top Floor Front Right
RM,Top Floor Front Right
"J,JA,JB,JC,JD,JE,JF,JG,JH,JI,JJ,JK,JL,JM,JN,JO,JP,JQ,JR,JS,JT,JU,JV,JW,JX",Top Floor Back Left
BF,Middle Floor
RC,Top Floor Front Right
"BL,BM,BN,BO,BP,BQ,BR,BS,BT,BU,BV,BW,BX",Middle Floor
PG,Top Floor Back Right
HV,Top Floor Back Left
"HM,HN,HO,HP,HQ,HR,HS,HT",Top Floor Back Left
PC,Top Floor Back Right
SF,Top Floor Front Right
